timestamp,cpu_usage,ram_usage,disk_usage,process_count,failed_logins,firewall_disabled,network_bytes_sent,network_bytes_recv,usb_connected,label
2026-07-15T13:36:44.848169,22.79,40.5,41.0,87,0,0,36868,187392,0,normal
2026-07-15T13:36:49.848169,24.81,50.91,53.62,81,0,0,34561,67314,0,normal
2026-07-15T13:36:54.848169,14.65,52.04,52.45,100,1,0,67787,127757,0,normal
2026-07-15T13:36:59.848169,21.79,56.19,30.26,85,1,0,99194,82842,0,normal
2026-07-15T13:37:04.848169,13.11,59.14,43.46,82,1,0,35353,104104,0,normal
2026-07-15T13:37:09.848169,26.95,52.07,62.29,94,0,0,109230,30656,0,normal
2026-07-15T13:37:14.848169,21.04,56.59,54.74,91,0,0,194699,28233,0,normal
2026-07-15T13:37:14.848169,29.99,59.33,63.58,97,1,0,6813693,13082229,0,attack
2026-07-15T13:37:19.848169,10.92,44.56,41.58,82,0,0,36476,109647,0,normal
2026-07-15T13:37:24.848169,15.56,52.71,44.59,91,1,0,64921,185682,0,normal
2026-07-15T13:37:29.848169,15.34,58.73,55.92,99,0,0,150021,74175,0,normal
2026-07-15T13:37:34.848169,13.27,47.59,69.58,100,0,0,189467,95008,0,normal
2026-07-15T13:37:39.848169,26.86,55.52,39.16,81,1,0,115162,80186,0,normal
2026-07-15T13:37:44.848169,11.32,58.26,52.69,90,0,0,181819,140870,0,normal
2026-07-15T13:37:49.848169,17.91,58.29,48.35,88,0,0,74651,157159,0,normal
2026-07-15T13:37:54.848169,20.78,54.94,47.14,98,1,0,104895,67493,0,normal
2026-07-15T13:37:59.848169,29.95,42.77,49.74,81,0,0,50066,174481,0,normal
2026-07-15T13:38:04.848169,13.2,53.61,53.86,92,1,0,166208,132696,0,normal
2026-07-15T13:38:06.848169,26.35,46.06,41.21,95,0,1,69757,45228,0,attack
2026-07-15T13:38:09.848169,20.58,59.42,64.43,80,0,0,188706,150763,0,normal
2026-07-15T13:38:14.848169,25.02,55.37,43.61,89,1,0,51460,128940,0,normal
2026-07-15T13:38:19.848169,10.06,54.44,58.79,96,0,0,143085,37894,0,normal
2026-07-15T13:38:24.848169,27.41,45.97,55.56,99,0,0,50065,108019,0,normal
2026-07-15T13:38:28.848169,29.95,45.19,46.74,92,15,0,162836,195616,0,attack
2026-07-15T13:38:29.848169,25.25,50.79,61.15,96,0,0,167009,94975,0,normal
2026-07-15T13:38:34.848169,19.77,42.24,44.52,89,0,0,25184,73143,0,normal
2026-07-15T13:38:39.848169,27.56,58.94,33.43,95,0,0,149645,42967,0,normal
2026-07-15T13:38:44.848169,12.57,49.51,51.99,88,1,0,65521,151373,0,normal
2026-07-15T13:38:49.848169,25.11,53.8,58.52,92,1,0,124845,145679,0,normal
2026-07-15T13:38:54.848169,19.03,44.96,32.56,80,0,0,164256,67728,0,normal
2026-07-15T13:38:59.848169,10.14,54.16,32.35,82,0,0,96619,28574,0,normal
2026-07-15T13:39:04.848169,20.28,45.57,49.42,97,0,0,199622,159695,0,normal
2026-07-15T13:39:06.848169,21.42,50.34,52.86,99,0,0,7900427,7804559,0,attack
2026-07-15T13:39:09.848169,21.52,44.86,48.92,93,0,0,34726,35409,0,normal
2026-07-15T13:39:14.848169,23.18,47.09,46.44,81,0,0,25889,115544,0,normal
2026-07-15T13:39:19.848169,24.56,56.01,34.37,86,0,0,150584,127601,0,normal
2026-07-15T13:39:24.848169,12.8,43.67,48.51,82,1,0,154264,35666,0,normal
2026-07-15T13:39:29.848169,11.01,59.99,63.44,82,0,0,53597,116539,0,normal
2026-07-15T13:39:34.848169,19.71,44.27,46.04,81,0,0,109345,10565,0,normal
2026-07-15T13:39:39.848169,29.71,45.3,61.36,94,1,0,120888,192607,0,normal
2026-07-15T13:39:44.848169,29.15,59.91,52.23,95,0,0,59780,87780,0,normal
2026-07-15T13:39:49.848169,14.35,41.17,59.43,81,1,0,24985,23144,0,normal
2026-07-15T13:39:54.848169,21.68,50.06,64.11,85,0,0,143124,31000,0,normal
2026-07-15T13:39:59.848169,27.03,41.37,32.72,87,1,0,41427,159336,0,normal
2026-07-15T13:40:03.848169,29.89,53.24,56.14,80,0,0,11992333,12454356,0,attack
2026-07-15T13:40:04.848169,14.92,51.89,54.78,93,1,0,78358,63545,0,normal
2026-07-15T13:40:09.848169,23.39,46.28,40.62,84,1,0,129858,92883,0,normal
2026-07-15T13:40:14.848169,28.58,58.71,30.37,99,0,0,29204,150937,0,normal
2026-07-15T13:40:19.848169,14.26,45.3,67.33,82,0,0,106869,84707,0,normal
2026-07-15T13:40:24.848169,13.15,56.67,58.14,99,0,0,185076,155385,0,normal
2026-07-15T13:40:29.848169,15.99,53.27,67.56,84,1,0,40258,38058,0,normal
2026-07-15T13:40:34.848169,24.85,43.11,41.27,86,1,0,63371,190223,0,normal
2026-07-15T13:40:39.848169,22.68,45.28,49.54,81,0,0,176273,121037,0,normal
2026-07-15T13:40:40.848169,10.66,92.53,44.42,86,1,0,106561,131692,0,attack
2026-07-15T13:40:44.848169,26.59,40.88,43.34,84,1,0,52357,125824,0,normal
2026-07-15T13:40:49.848169,21.03,48.55,30.39,82,0,0,153023,19444,0,normal
2026-07-15T13:40:54.848169,26.69,51.65,35.92,84,0,0,90808,105591,0,normal
2026-07-15T13:40:56.848169,25.04,92.77,33.43,91,1,0,164593,69641,0,attack
2026-07-15T13:40:59.848169,27.98,55.92,64.43,91,0,0,188799,75412,0,normal
2026-07-15T13:41:04.848169,23.34,47.07,52.4,93,0,0,72059,52598,0,normal
2026-07-15T13:41:05.848169,29.77,52.81,64.46,88,1,1,59377,49303,0,attack
2026-07-15T13:41:09.848169,29.52,56.22,65.26,80,0,0,97080,117928,0,normal
2026-07-15T13:41:14.848169,26.04,57.28,62.43,88,0,0,193835,38336,0,normal
2026-07-15T13:41:19.848169,17.65,40.77,48.83,86,1,0,101660,90003,0,normal
2026-07-15T13:41:24.848169,26.41,57.43,38.92,86,1,0,96051,83034,0,normal
2026-07-15T13:41:29.848169,27.29,59.34,41.16,100,1,0,188131,150565,0,normal
2026-07-15T13:41:34.848169,16.62,40.55,65.08,88,0,0,162198,79590,0,normal
2026-07-15T13:41:39.848169,10.77,51.93,43.83,90,1,0,168914,144066,0,normal
2026-07-15T13:41:44.848169,12.31,57.99,37.6,81,1,0,10443,146293,0,normal
2026-07-15T13:41:49.848169,28.51,50.77,58.78,86,1,0,123062,28343,0,normal
2026-07-15T13:41:54.848169,28.98,58.42,54.93,83,1,0,142939,91077,0,normal
2026-07-15T13:41:59.848169,23.34,46.52,57.89,97,0,0,60289,120217,0,normal
2026-07-15T13:42:04.848169,23.3,47.58,59.93,85,1,0,116450,153638,0,normal
2026-07-15T13:42:09.848169,26.67,46.08,38.41,98,1,0,131893,125811,0,normal
2026-07-15T13:42:14.848169,18.84,44.27,48.93,85,0,0,84392,145122,0,normal
2026-07-15T13:42:19.848169,23.28,52.39,33.74,87,1,0,68888,62200,0,normal
2026-07-15T13:42:24.848169,12.95,40.92,69.36,99,0,0,129384,118643,0,normal
2026-07-15T13:42:29.848169,27.72,51.51,58.73,92,1,0,114766,73959,0,normal
2026-07-15T13:42:34.848169,12.95,53.75,65.71,83,1,0,67367,56107,0,normal
2026-07-15T13:42:39.848169,26.08,53.92,48.58,97,0,0,41813,129658,0,normal
2026-07-15T13:42:44.848169,12.67,49.29,51.25,97,1,0,126017,170603,0,normal
2026-07-15T13:42:48.848169,95.51,53.38,35.97,82,0,0,199677,199681,0,attack
2026-07-15T13:42:49.848169,26.3,57.84,47.07,97,1,0,51722,134433,0,normal
2026-07-15T13:42:54.848169,19.0,55.04,63.59,88,1,0,174298,72716,0,normal
2026-07-15T13:42:59.848169,15.49,41.55,41.43,88,1,0,93809,151597,0,normal
2026-07-15T13:43:04.848169,11.61,43.02,45.32,84,0,0,26837,118755,0,normal
2026-07-15T13:43:09.848169,18.15,50.85,46.63,86,1,0,112099,163112,0,normal
2026-07-15T13:43:14.848169,28.92,40.39,65.23,98,1,0,135037,11545,0,normal
2026-07-15T13:43:19.848169,28.85,45.97,45.6,93,0,0,137986,67520,0,normal
2026-07-15T13:43:24.848169,15.46,49.71,45.55,92,0,0,132523,43456,0,normal
2026-07-15T13:43:29.848169,29.61,50.68,66.28,98,0,0,32006,178492,0,normal
2026-07-15T13:43:34.848169,18.57,57.34,37.27,88,1,0,95813,65485,0,normal
2026-07-15T13:43:39.848169,19.09,46.75,65.19,88,1,0,76131,31471,0,normal
2026-07-15T13:43:44.848169,19.41,54.98,32.08,91,0,0,180431,27987,0,normal
2026-07-15T13:43:44.848169,20.07,46.12,32.61,81,17,0,86238,129518,0,attack
2026-07-15T13:43:49.848169,25.62,53.04,60.17,87,0,0,15342,172879,0,normal
2026-07-15T13:43:54.848169,13.05,42.52,56.78,98,0,0,131905,193360,0,normal
2026-07-15T13:43:59.848169,13.97,43.99,40.52,96,12,0,103827,194401,0,attack
2026-07-15T13:43:59.848169,15.12,47.38,54.24,83,0,0,91536,38337,0,normal
2026-07-15T13:44:04.848169,21.57,58.58,53.03,92,1,0,197436,61990,0,normal
2026-07-15T13:44:09.848169,11.52,53.81,55.09,83,1,0,189374,167394,0,normal
2026-07-15T13:44:14.848169,26.11,55.92,52.64,81,1,0,149655,122296,0,normal
2026-07-15T13:44:19.848169,23.23,41.38,55.9,80,1,0,138503,37666,0,normal
2026-07-15T13:44:24.848169,18.67,47.24,65.66,94,0,0,124160,56173,0,normal
2026-07-15T13:44:29.848169,24.68,59.31,40.8,97,1,0,131863,124183,0,normal
2026-07-15T13:44:30.848169,18.01,49.13,63.43,95,7,0,180091,53720,0,attack
2026-07-15T13:44:34.848169,26.51,51.85,42.89,87,0,0,83119,128175,0,normal
2026-07-15T13:44:39.848169,14.88,49.29,54.41,92,1,0,17523,139579,0,normal
2026-07-15T13:44:44.848169,27.02,43.64,38.48,88,1,0,83310,166278,0,normal
2026-07-15T13:44:49.848169,24.02,45.53,30.41,86,0,0,73270,198763,0,normal
2026-07-15T13:44:54.848169,20.6,48.26,64.83,84,12,0,62506,99828,0,attack
2026-07-15T13:44:54.848169,18.13,51.1,39.61,95,1,0,127486,14520,0,normal
2026-07-15T13:44:59.848169,11.86,44.43,57.67,89,1,0,134062,155089,0,normal
2026-07-15T13:45:04.848169,20.62,48.51,59.84,90,1,0,194249,128946,0,normal
2026-07-15T13:45:08.848169,24.22,55.84,45.01,100,1,1,150177,173351,0,attack
2026-07-15T13:45:09.848169,15.42,45.03,34.83,86,1,0,41340,150473,0,normal
2026-07-15T13:45:11.848169,99.19,49.78,47.84,95,1,0,100242,52864,0,attack
2026-07-15T13:45:14.848169,29.02,53.8,37.66,95,1,0,199945,164556,0,normal
2026-07-15T13:45:19.848169,29.53,50.49,41.32,83,0,0,87659,69633,0,normal
2026-07-15T13:45:24.848169,17.22,46.05,58.32,84,1,0,21931,24293,0,normal
2026-07-15T13:45:29.848169,21.07,53.95,35.05,95,0,0,13215,160487,0,normal
2026-07-15T13:45:34.848169,15.69,49.57,43.63,81,1,0,135233,39907,0,normal
2026-07-15T13:45:39.848169,26.44,48.01,32.96,100,0,0,49774,49111,0,normal
2026-07-15T13:45:44.848169,26.22,58.98,33.41,87,0,0,156295,119097,0,normal
2026-07-15T13:45:46.848169,97.19,56.89,34.15,98,1,0,159145,187836,0,attack
2026-07-15T13:45:49.848169,22.13,55.81,39.03,96,1,0,128099,126056,0,normal
2026-07-15T13:45:54.848169,15.95,51.77,47.15,98,0,0,169811,36013,0,normal
2026-07-15T13:45:59.848169,28.95,44.16,38.44,82,0,0,72879,55564,0,normal
2026-07-15T13:46:04.848169,21.04,43.13,46.34,99,1,0,86351,18556,0,normal
2026-07-15T13:46:09.848169,14.63,54.14,58.12,94,0,0,190193,71190,0,normal
2026-07-15T13:46:14.848169,28.48,55.76,55.0,86,1,0,40087,152753,0,normal
2026-07-15T13:46:19.848169,14.5,42.98,40.63,84,0,0,25633,53495,0,normal
2026-07-15T13:46:24.848169,25.85,51.9,62.97,89,1,0,42598,132866,0,normal
2026-07-15T13:46:29.848169,23.77,53.99,67.71,96,1,0,124755,31087,0,normal
2026-07-15T13:46:33.848169,22.17,53.87,31.55,90,0,0,9506097,11248518,0,attack
2026-07-15T13:46:34.848169,21.96,57.79,59.38,99,1,0,16780,33940,0,normal
2026-07-15T13:46:39.848169,14.58,53.49,64.42,98,0,0,186234,80650,0,normal
2026-07-15T13:46:44.848169,21.52,55.26,37.01,96,1,0,82917,57576,0,normal
2026-07-15T13:46:49.848169,29.94,48.72,62.57,82,1,0,101215,117046,0,normal
2026-07-15T13:46:54.848169,16.67,53.4,64.31,90,1,0,191842,139884,0,normal
2026-07-15T13:46:59.848169,15.76,58.9,62.54,97,0,0,129229,33084,0,normal
2026-07-15T13:47:04.848169,16.29,46.47,68.81,92,0,0,182401,152237,0,normal
2026-07-15T13:47:09.848169,19.24,41.08,50.74,99,1,0,173947,125878,0,normal
2026-07-15T13:47:14.848169,25.2,44.07,51.97,89,1,0,193042,137064,0,normal
2026-07-15T13:47:19.848169,12.43,59.46,54.35,87,0,0,91461,154399,0,normal
2026-07-15T13:47:24.848169,10.27,48.16,38.99,83,1,0,40793,179793,0,normal
2026-07-15T13:47:29.848169,26.64,49.97,58.66,96,1,0,118918,136484,0,normal
2026-07-15T13:47:34.848169,29.6,44.87,52.05,92,0,0,167123,143232,0,normal
2026-07-15T13:47:39.848169,24.93,42.73,32.79,93,1,0,143100,80037,0,normal
2026-07-15T13:47:44.848169,26.41,45.66,41.94,98,1,0,48953,127059,0,normal
2026-07-15T13:47:49.848169,20.77,46.9,52.08,97,1,0,129365,94352,0,normal
2026-07-15T13:47:54.848169,27.39,59.62,39.55,92,0,0,117682,21441,0,normal
2026-07-15T13:47:59.848169,16.36,49.46,66.54,92,1,0,183982,180922,0,normal
2026-07-15T13:47:59.848169,10.38,44.49,69.4,86,8,0,164584,142286,0,attack
2026-07-15T13:48:04.848169,29.62,49.91,31.48,96,1,0,36309,125423,0,normal
2026-07-15T13:48:09.848169,11.99,58.21,30.61,84,1,0,181646,50464,0,normal
2026-07-15T13:48:14.848169,11.5,55.63,40.6,99,1,0,180350,31054,0,normal
2026-07-15T13:48:19.848169,27.04,57.05,64.37,92,1,0,174311,198407,0,normal
2026-07-15T13:48:20.848169,13.62,41.95,35.12,88,0,0,15979591,6498202,0,attack
2026-07-15T13:48:22.848169,17.15,48.75,54.87,82,1,1,99842,57938,0,attack
2026-07-15T13:48:24.848169,27.75,49.76,51.64,99,0,0,71543,175455,0,normal
2026-07-15T13:48:29.848169,23.69,45.75,39.1,82,1,0,35806,176133,0,normal
2026-07-15T13:48:33.848169,26.02,44.48,54.33,89,1,0,19287245,10850369,0,attack
2026-07-15T13:48:34.848169,24.08,42.01,36.65,89,0,0,22056,95032,0,normal
2026-07-15T13:48:39.848169,25.92,45.87,44.99,84,0,0,149242,118016,0,normal
2026-07-15T13:48:44.848169,21.32,55.85,36.8,82,1,0,172453,189079,0,normal
2026-07-15T13:48:49.848169,14.82,58.26,35.72,94,1,0,130473,76932,0,normal
2026-07-15T13:48:54.848169,23.34,57.98,48.61,89,0,0,29362,125796,0,normal
2026-07-15T13:48:59.848169,28.9,59.75,41.97,93,1,0,129756,89199,0,normal
2026-07-15T13:49:04.848169,13.98,47.69,49.33,87,1,0,159926,104098,0,normal
2026-07-15T13:49:09.848169,21.5,59.85,41.81,92,1,0,12122,158354,0,normal
2026-07-15T13:49:14.848169,27.3,55.57,68.94,99,1,0,85024,70324,0,normal
2026-07-15T13:49:19.848169,22.14,47.05,55.46,99,1,0,187671,198987,0,normal
2026-07-15T13:49:24.848169,25.35,53.62,35.47,83,0,0,90984,125559,0,normal
2026-07-15T13:49:29.848169,10.67,47.3,35.26,89,1,0,118921,56042,0,normal
2026-07-15T13:49:34.848169,14.02,55.73,65.06,91,1,0,53134,77363,0,normal
2026-07-15T13:49:39.848169,28.28,58.88,68.7,89,1,0,40191,132770,0,normal
2026-07-15T13:49:41.848169,24.53,44.45,51.39,95,1,1,142989,88694,0,attack
2026-07-15T13:49:44.848169,29.26,42.82,68.66,92,1,0,33672,113435,0,normal
2026-07-15T13:49:49.848169,10.28,50.73,48.19,88,1,0,177391,107379,0,normal
2026-07-15T13:49:54.848169,12.17,44.68,31.0,97,1,0,169929,68030,0,normal
2026-07-15T13:49:59.848169,22.95,52.71,48.57,89,1,0,40585,46641,0,normal
2026-07-15T13:50:04.848169,10.91,40.74,69.84,83,0,0,71551,150914,0,normal
2026-07-15T13:50:09.848169,12.71,49.07,56.82,97,1,0,163967,50507,0,normal
2026-07-15T13:50:14.848169,27.71,53.1,63.35,99,1,0,83332,18576,0,normal
2026-07-15T13:50:19.848169,23.81,44.35,47.79,87,1,0,36045,189746,0,normal
2026-07-15T13:50:24.848169,17.35,58.03,55.79,81,1,0,82320,59757,0,normal
2026-07-15T13:50:29.848169,29.36,58.98,62.97,82,0,0,178218,177639,0,normal
2026-07-15T13:50:34.848169,21.94,40.43,61.47,87,0,0,158000,63793,0,normal
2026-07-15T13:50:39.848169,11.37,55.3,38.29,86,0,0,96129,48680,0,normal
2026-07-15T13:50:44.848169,25.77,51.92,41.09,84,0,0,151614,75707,0,normal
2026-07-15T13:50:49.848169,25.97,42.2,64.66,84,0,0,103911,72372,0,normal
2026-07-15T13:50:50.848169,23.03,50.27,64.59,80,1,1,44685,179704,0,attack
2026-07-15T13:50:54.848169,21.78,40.32,40.61,84,1,0,147910,39792,0,normal
2026-07-15T13:50:59.848169,24.91,49.52,61.12,96,0,0,128490,142078,0,normal
2026-07-15T13:51:04.848169,14.43,52.3,59.09,96,1,0,130073,178647,0,normal
2026-07-15T13:51:09.848169,29.28,41.22,49.16,92,1,0,189856,38301,0,normal
2026-07-15T13:51:11.848169,12.52,94.17,69.53,93,0,0,174423,48765,0,attack
2026-07-15T13:51:14.848169,19.81,58.19,32.94,82,1,0,169461,48884,0,normal
2026-07-15T13:51:19.848169,11.31,45.5,55.32,97,1,0,109851,166602,0,normal
2026-07-15T13:51:24.848169,20.61,49.07,54.22,83,0,0,181629,180633,0,normal
2026-07-15T13:51:29.848169,27.55,51.03,64.62,93,1,0,69898,118478,0,normal
2026-07-15T13:51:34.848169,16.78,49.07,46.64,83,1,0,121873,91926,0,normal
2026-07-15T13:51:39.848169,23.3,47.49,36.11,95,0,0,33914,32377,0,normal
2026-07-15T13:51:44.848169,11.86,41.93,59.55,84,0,0,163738,157216,0,normal
2026-07-15T13:51:49.848169,21.23,53.4,46.43,93,0,0,85400,167393,0,normal
2026-07-15T13:51:54.848169,14.47,57.43,46.82,90,1,1,78304,163503,0,attack
2026-07-15T13:51:54.848169,16.25,42.07,50.3,84,1,0,68784,38368,0,normal
2026-07-15T13:51:59.848169,17.0,51.13,34.6,88,0,0,122489,157053,0,normal
2026-07-15T13:52:04.848169,29.49,56.37,54.54,100,0,0,169644,182446,0,normal
2026-07-15T13:52:09.848169,26.59,45.35,37.22,89,1,0,102018,11600,0,normal
2026-07-15T13:52:14.848169,13.63,42.87,56.29,82,0,0,175982,18036,0,normal
2026-07-15T13:52:19.848169,11.84,50.61,45.05,94,1,0,51263,107007,0,normal
2026-07-15T13:52:24.848169,16.23,46.49,67.66,99,0,0,23791,50784,0,normal
2026-07-15T13:52:29.848169,13.15,52.36,56.96,88,1,0,183523,121152,0,normal
2026-07-15T13:52:34.848169,19.71,48.84,40.93,96,0,0,100484,122699,0,normal
2026-07-15T13:52:39.848169,12.22,53.56,53.73,96,1,0,21905,67807,0,normal
2026-07-15T13:52:44.848169,17.91,51.99,30.31,89,0,0,45975,76982,0,normal
2026-07-15T13:52:49.848169,15.79,42.4,49.9,93,0,0,43865,109669,0,normal
2026-07-15T13:52:54.848169,20.65,44.6,52.35,91,0,0,114089,21089,0,normal
2026-07-15T13:52:59.848169,18.72,49.2,33.11,90,1,0,160313,116017,0,normal
2026-07-15T13:53:04.848169,24.19,48.35,34.61,80,1,0,55055,172037,0,normal
2026-07-15T13:53:09.848169,19.2,53.79,44.47,93,0,0,73783,124209,0,normal
2026-07-15T13:53:14.848169,21.78,50.48,45.83,89,1,0,68083,97311,0,normal
2026-07-15T13:53:19.848169,25.58,41.53,55.33,96,0,0,101586,102038,0,normal
2026-07-15T13:53:24.848169,24.55,56.38,62.6,87,0,0,48389,77100,0,normal
2026-07-15T13:53:29.848169,13.95,52.05,60.41,100,0,0,56437,174613,0,normal
2026-07-15T13:53:34.848169,19.88,55.09,60.4,94,1,0,174421,92873,0,normal
2026-07-15T13:53:39.848169,13.02,41.37,47.69,89,1,0,165037,24725,0,normal
2026-07-15T13:53:44.848169,17.04,41.48,48.47,81,0,0,106662,85255,0,normal
2026-07-15T13:53:49.848169,11.53,57.29,64.21,99,1,0,131297,162129,0,normal
2026-07-15T13:53:54.848169,21.09,55.84,65.84,94,0,0,94286,168598,0,normal
2026-07-15T13:53:59.848169,19.51,43.02,32.47,83,1,0,197253,32106,0,normal
2026-07-15T13:54:04.848169,20.09,43.45,39.91,94,1,0,147381,147035,0,normal
2026-07-15T13:54:09.848169,22.2,47.28,66.72,92,1,0,98700,187968,0,normal
2026-07-15T13:54:12.848169,19.14,94.26,40.57,81,0,0,55797,20340,0,attack
2026-07-15T13:54:14.848169,21.96,55.78,55.89,82,1,0,34774,156266,0,normal
2026-07-15T13:54:19.848169,23.57,45.68,58.95,99,0,0,97388,31365,0,normal
2026-07-15T13:54:20.848169,28.22,58.28,32.68,92,1,1,154717,95492,0,attack
2026-07-15T13:54:23.848169,96.13,47.73,36.52,98,0,0,68025,179706,0,attack
2026-07-15T13:54:24.848169,21.65,42.83,43.99,100,1,0,43803,165986,0,normal
2026-07-15T13:54:29.848169,24.18,41.69,52.36,100,1,0,43500,185666,0,normal
2026-07-15T13:54:34.848169,24.06,58.94,69.89,96,0,0,179351,185756,0,normal
2026-07-15T13:54:39.848169,18.47,47.24,44.5,85,0,0,99583,137473,0,normal
2026-07-15T13:54:44.848169,13.84,60.0,36.2,89,0,0,143087,151497,0,normal
2026-07-15T13:54:49.848169,26.7,57.67,31.51,90,0,0,166564,108754,0,normal
2026-07-15T13:54:54.848169,13.09,43.62,57.71,99,0,0,199053,124733,0,normal
2026-07-15T13:54:59.848169,10.87,47.29,58.78,94,1,0,127683,71342,0,normal
2026-07-15T13:55:04.848169,20.68,46.19,62.34,95,0,0,106427,187814,0,normal
2026-07-15T13:55:09.848169,28.94,59.69,48.47,89,1,0,141833,148270,0,normal
2026-07-15T13:55:14.848169,18.37,43.24,37.99,99,0,0,75536,23678,0,normal
2026-07-15T13:55:19.848169,22.82,57.48,52.18,83,0,0,84727,31987,0,normal
2026-07-15T13:55:24.848169,25.26,45.46,66.21,84,1,0,34042,68205,0,normal
2026-07-15T13:55:29.848169,26.33,57.69,67.22,93,0,0,113928,141598,0,normal
2026-07-15T13:55:34.848169,17.48,47.72,33.26,87,0,0,93541,35974,0,normal
2026-07-15T13:55:35.848169,19.16,57.47,61.46,99,1,0,7510581,7486379,0,attack
2026-07-15T13:55:39.848169,26.78,53.0,61.66,84,0,0,85203,133851,0,normal
2026-07-15T13:55:44.848169,23.92,42.78,58.22,94,0,0,30768,14981,0,normal
2026-07-15T13:55:49.848169,15.12,56.7,51.95,99,1,0,39146,85524,0,normal
2026-07-15T13:55:54.848169,14.75,42.44,39.54,100,1,0,26464,39060,0,normal
2026-07-15T13:55:59.848169,26.73,50.0,51.44,100,0,0,198362,47637,0,normal
2026-07-15T13:56:04.848169,15.83,40.03,44.11,98,1,0,59103,184160,0,normal
2026-07-15T13:56:09.848169,23.36,50.47,44.42,96,0,0,112355,133243,0,normal
2026-07-15T13:56:14.848169,10.87,47.74,44.93,80,1,0,27710,100387,0,normal
2026-07-15T13:56:19.848169,14.82,53.14,34.15,98,1,0,44972,21622,0,normal
2026-07-15T13:56:24.848169,17.05,46.77,55.71,94,1,0,175605,57783,0,normal
2026-07-15T13:56:29.848169,26.23,41.26,61.05,94,0,0,86924,62845,0,normal
2026-07-15T13:56:34.848169,10.88,43.99,31.68,89,1,0,152352,134098,0,normal
2026-07-15T13:56:39.848169,15.07,55.07,37.64,91,0,0,181896,97012,0,normal
2026-07-15T13:56:44.848169,15.46,55.99,47.48,92,1,0,111356,98876,0,normal
2026-07-15T13:56:48.848169,27.02,49.41,64.66,98,14,0,133789,60998,0,attack
2026-07-15T13:56:49.848169,29.47,49.92,49.9,96,1,0,31656,121280,0,normal
2026-07-15T13:56:53.848169,10.79,90.06,38.31,95,1,0,71474,10717,0,attack
2026-07-15T13:56:54.848169,11.58,52.05,62.89,97,1,0,94203,36895,0,normal
2026-07-15T13:56:59.848169,11.6,53.22,42.26,99,1,0,53684,190817,0,normal
2026-07-15T13:57:04.848169,18.88,48.94,59.07,91,1,0,81973,177633,0,normal
2026-07-15T13:57:09.848169,29.6,58.96,33.0,100,1,0,105239,144502,0,normal
2026-07-15T13:57:14.848169,26.02,53.59,68.11,84,1,0,19122,43090,0,normal
2026-07-15T13:57:14.848169,25.48,46.42,59.15,99,9,0,59266,125793,0,attack
2026-07-15T13:57:19.848169,11.34,55.57,44.65,92,0,0,168621,50222,0,normal
2026-07-15T13:57:24.848169,23.58,58.98,44.88,82,0,0,148794,106193,0,normal
2026-07-15T13:57:29.848169,17.96,52.99,39.98,83,0,0,58771,140821,0,normal
2026-07-15T13:57:34.848169,20.35,58.27,34.71,88,1,0,66248,170399,0,normal
2026-07-15T13:57:39.848169,15.71,58.33,49.65,83,0,0,29412,128500,0,normal
2026-07-15T13:57:44.848169,13.45,54.27,69.89,90,1,0,196001,27023,0,normal
2026-07-15T13:57:49.848169,21.0,45.81,42.0,85,0,0,104763,143367,0,normal
2026-07-15T13:57:54.848169,14.48,59.7,61.68,87,1,0,16890,104606,0,normal
2026-07-15T13:57:59.848169,21.08,47.38,62.15,97,0,0,170418,32600,0,normal
2026-07-15T13:58:04.848169,11.31,47.96,58.68,95,1,0,117330,160706,0,normal
2026-07-15T13:58:07.848169,95.65,45.47,60.45,85,0,0,138339,33079,0,attack
2026-07-15T13:58:09.848169,11.48,59.45,55.69,94,1,0,188286,145622,0,normal
2026-07-15T13:58:14.848169,16.89,57.56,61.21,100,0,0,43825,123408,0,normal
2026-07-15T13:58:19.848169,20.06,57.36,63.26,96,0,0,89724,53163,0,normal
2026-07-15T13:58:24.848169,13.24,58.69,39.02,96,1,0,30672,75694,0,normal
2026-07-15T13:58:29.848169,13.93,59.13,40.98,100,1,0,171068,149848,0,normal
2026-07-15T13:58:34.848169,11.87,52.82,53.67,98,0,0,54879,182682,0,normal
2026-07-15T13:58:39.848169,22.49,58.04,43.5,98,0,0,17437,31292,0,normal
2026-07-15T13:58:43.848169,13.81,53.53,55.07,87,0,0,10236039,7163099,0,attack
2026-07-15T13:58:44.848169,10.91,52.83,53.07,100,0,0,159982,119205,0,normal
2026-07-15T13:58:49.848169,22.36,40.61,65.56,97,1,0,178272,89192,0,normal
2026-07-15T13:58:54.848169,19.66,56.09,57.4,89,1,0,29129,190515,0,normal
2026-07-15T13:58:59.848169,11.2,48.79,49.37,86,1,0,169032,47661,0,normal
2026-07-15T13:59:04.848169,16.25,54.37,59.37,91,1,0,44279,107134,0,normal
2026-07-15T13:59:09.848169,20.3,42.12,39.67,83,1,0,127858,74990,0,normal
2026-07-15T13:59:14.848169,12.82,41.01,67.82,99,1,0,75082,51864,0,normal
2026-07-15T13:59:19.848169,26.27,58.68,58.85,86,0,0,140617,144932,0,normal
2026-07-15T13:59:24.848169,19.34,57.58,49.89,82,1,0,142499,129860,0,normal
2026-07-15T13:59:29.848169,29.33,44.3,44.12,81,1,0,139733,166635,0,normal
2026-07-15T13:59:34.848169,27.65,53.09,48.82,97,0,0,38179,122965,0,normal
2026-07-15T13:59:39.848169,12.68,45.29,44.63,92,1,0,21860,115010,0,normal
2026-07-15T13:59:44.848169,11.02,51.24,44.5,89,0,0,111279,142187,0,normal
2026-07-15T13:59:49.848169,19.01,51.0,63.01,99,0,0,43728,35344,0,normal
2026-07-15T13:59:54.848169,17.88,55.9,43.56,91,0,0,62181,167932,0,normal
2026-07-15T13:59:59.848169,20.18,50.0,31.81,84,1,0,134189,146139,0,normal
2026-07-15T14:00:04.848169,19.14,52.13,50.62,90,1,0,52598,113010,0,normal
2026-07-15T14:00:09.848169,29.81,54.79,41.97,90,1,0,195791,157567,0,normal
2026-07-15T14:00:14.848169,16.0,56.31,44.73,83,1,0,163014,90655,0,normal
2026-07-15T14:00:19.848169,25.94,54.51,57.52,80,1,0,79607,181859,0,normal
2026-07-15T14:00:24.848169,25.66,55.52,53.11,81,1,0,54698,147424,0,normal
2026-07-15T14:00:29.848169,22.58,52.39,63.65,84,0,0,18276,160095,0,normal
2026-07-15T14:00:34.848169,28.96,42.2,30.76,90,1,0,49696,118255,0,normal
2026-07-15T14:00:39.848169,23.81,48.21,61.0,95,0,0,195014,46197,0,normal
2026-07-15T14:00:44.848169,20.37,51.22,69.92,95,1,0,92248,55398,0,normal
2026-07-15T14:00:49.848169,19.19,50.66,51.85,100,1,0,169927,136924,0,normal
2026-07-15T14:00:54.848169,13.85,44.93,52.32,87,1,0,85760,194785,0,normal
2026-07-15T14:00:59.848169,14.15,54.1,42.68,91,1,0,85442,41948,0,normal
2026-07-15T14:01:04.848169,21.47,50.86,65.83,92,1,0,48397,86140,0,normal
2026-07-15T14:01:09.848169,10.84,59.11,33.16,94,1,0,135587,66095,0,normal
2026-07-15T14:01:14.848169,14.04,50.77,67.32,88,0,0,38633,171396,0,normal
2026-07-15T14:01:19.848169,24.82,44.79,32.03,96,0,0,177233,71036,0,normal
2026-07-15T14:01:19.848169,18.52,42.32,64.05,81,0,1,46279,183894,0,attack
2026-07-15T14:01:24.848169,11.05,48.27,58.69,83,0,0,11358,154271,0,normal
2026-07-15T14:01:29.848169,29.56,43.16,56.12,95,1,0,180534,62286,0,normal
2026-07-15T14:01:34.848169,25.12,45.74,41.42,81,0,0,180996,160505,0,normal
2026-07-15T14:01:39.848169,14.64,54.77,64.01,81,0,0,119546,56081,0,normal
2026-07-15T14:01:44.848169,28.68,40.73,63.45,95,0,0,85882,19821,0,normal
2026-07-15T14:01:49.848169,10.19,51.36,34.29,90,1,0,129104,178116,0,normal
2026-07-15T14:01:54.848169,20.87,49.88,67.54,96,1,0,81522,60544,0,normal
2026-07-15T14:01:59.848169,26.18,46.61,59.24,100,1,0,198376,58810,0,normal
2026-07-15T14:02:04.848169,10.28,46.74,41.8,86,0,0,170158,177438,0,normal
2026-07-15T14:02:09.848169,27.94,56.54,50.61,82,1,0,185441,35004,0,normal
2026-07-15T14:02:14.848169,13.7,42.81,42.94,87,0,0,78363,110551,0,normal
2026-07-15T14:02:19.848169,14.71,55.08,68.16,89,0,0,78564,181359,0,normal
2026-07-15T14:02:24.848169,17.19,44.73,56.71,94,1,0,51868,116277,0,normal
2026-07-15T14:02:29.848169,23.72,58.46,65.51,89,0,0,177434,87342,0,normal
2026-07-15T14:02:34.848169,17.35,44.42,68.29,95,0,0,129269,168790,0,normal
2026-07-15T14:02:39.848169,22.23,57.25,65.2,84,1,1,137958,39605,0,attack
2026-07-15T14:02:39.848169,17.47,54.04,66.51,97,0,0,74871,188347,0,normal
2026-07-15T14:02:41.848169,98.31,49.49,36.13,100,0,0,88935,120328,0,attack
2026-07-15T14:02:44.848169,25.09,57.46,33.27,94,1,0,30474,157893,0,normal
2026-07-15T14:02:46.848169,13.73,40.89,47.59,88,0,1,80401,157913,0,attack
2026-07-15T14:02:49.848169,12.24,56.58,66.12,86,0,0,53132,96014,0,normal
2026-07-15T14:02:54.848169,27.09,48.84,57.21,98,1,0,33839,143791,0,normal
2026-07-15T14:02:59.848169,18.91,41.11,35.28,93,1,0,157825,25135,0,normal
2026-07-15T14:03:04.848169,21.18,53.46,42.33,80,1,0,76704,10790,0,normal
2026-07-15T14:03:09.848169,24.92,51.57,31.81,91,0,0,151862,25795,0,normal
2026-07-15T14:03:09.848169,18.37,50.71,64.68,95,0,0,6324645,11623718,0,attack
2026-07-15T14:03:14.848169,28.69,41.38,67.35,81,1,0,117182,57181,0,normal
2026-07-15T14:03:19.848169,25.38,55.32,69.13,100,1,0,108162,110264,0,normal
2026-07-15T14:03:24.848169,18.97,58.34,45.1,82,0,0,181320,101165,0,normal
2026-07-15T14:03:29.848169,12.37,59.86,45.72,84,0,0,10910,15959,0,normal
2026-07-15T14:03:34.848169,29.57,49.26,58.76,93,1,0,70205,74883,0,normal
2026-07-15T14:03:39.848169,19.21,43.1,37.54,83,0,0,183066,119901,0,normal
2026-07-15T14:03:44.848169,22.3,58.72,65.56,87,0,0,27639,36449,0,normal
2026-07-15T14:03:49.848169,21.88,48.93,56.88,81,0,0,21596,115451,0,normal
2026-07-15T14:03:52.848169,19.78,53.22,33.65,97,20,0,58465,107260,0,attack
2026-07-15T14:03:54.848169,18.78,50.8,60.18,81,0,0,142093,85828,0,normal
2026-07-15T14:03:59.848169,14.68,58.33,53.04,98,1,0,72102,89105,0,normal
2026-07-15T14:04:04.848169,27.53,59.71,50.85,93,1,0,82129,25979,0,normal
2026-07-15T14:04:09.848169,21.13,51.83,59.41,85,1,0,155712,139924,0,normal
2026-07-15T14:04:14.848169,10.94,46.89,55.73,92,1,0,192533,119137,0,normal
2026-07-15T14:04:19.848169,18.17,46.0,37.36,97,1,0,73168,69072,0,normal
2026-07-15T14:04:24.848169,16.01,54.15,62.23,81,1,0,119185,156089,0,normal
2026-07-15T14:04:29.848169,20.6,47.77,40.2,90,0,0,127908,107275,0,normal
2026-07-15T14:04:31.848169,25.19,57.34,62.84,96,17,0,27201,91559,0,attack
2026-07-15T14:04:34.848169,11.85,54.49,37.62,88,1,0,186599,168589,0,normal
2026-07-15T14:04:39.848169,22.06,57.47,37.53,98,0,0,135670,64759,0,normal
2026-07-15T14:04:44.848169,27.39,46.66,68.28,80,0,0,59813,40753,0,normal
2026-07-15T14:04:47.848169,17.66,49.71,54.36,81,0,1,82198,115637,0,attack
2026-07-15T14:04:49.848169,24.94,55.09,66.58,99,0,0,113974,72739,0,normal
2026-07-15T14:04:54.848169,21.04,55.51,45.23,97,1,0,90851,78566,0,normal
2026-07-15T14:04:59.848169,17.19,57.66,48.64,95,1,0,63248,107178,0,normal
2026-07-15T14:05:04.848169,16.26,40.91,64.56,84,0,0,78360,155047,0,normal
2026-07-15T14:05:09.848169,28.7,51.58,46.7,84,0,0,96472,70298,0,normal
2026-07-15T14:05:14.848169,17.6,56.67,49.97,100,1,0,77456,138089,0,normal
2026-07-15T14:05:19.848169,29.33,52.83,49.62,85,1,0,54371,46689,0,normal
2026-07-15T14:05:24.848169,24.41,49.77,66.68,97,0,0,147348,18866,0,normal
2026-07-15T14:05:29.848169,26.78,41.49,62.72,81,0,0,118106,46042,0,normal
2026-07-15T14:05:34.848169,26.85,44.63,58.29,80,0,0,142574,129540,0,normal
2026-07-15T14:05:39.848169,17.46,52.36,56.67,99,1,0,182827,137888,0,normal
2026-07-15T14:05:44.848169,10.31,50.64,46.45,80,1,0,150440,85153,0,normal
2026-07-15T14:05:49.848169,10.34,56.26,56.96,85,0,0,35248,147464,0,normal
2026-07-15T14:05:54.848169,12.98,43.84,51.06,91,1,0,114044,30714,0,normal
2026-07-15T14:05:59.848169,17.46,48.12,52.6,87,1,0,189317,31133,0,normal
2026-07-15T14:06:04.848169,23.07,57.16,60.38,82,1,0,109421,108872,0,normal
2026-07-15T14:06:09.848169,21.05,41.12,30.38,85,0,0,141034,123746,0,normal
2026-07-15T14:06:14.848169,22.9,46.63,69.09,83,0,0,70231,65421,0,normal
2026-07-15T14:06:19.848169,28.03,53.85,52.67,88,0,0,29489,189418,0,normal
2026-07-15T14:06:20.848169,18.07,59.31,45.33,81,20,0,107806,13690,0,attack
2026-07-15T14:06:24.848169,28.51,57.99,52.54,81,0,0,92440,14104,0,normal
2026-07-15T14:06:29.848169,29.23,51.74,60.09,92,0,0,88453,52585,0,normal
2026-07-15T14:06:34.848169,21.28,51.33,63.98,97,1,0,110622,46687,0,normal
2026-07-15T14:06:39.848169,25.81,53.79,33.14,91,0,0,35607,124580,0,normal
2026-07-15T14:06:44.848169,14.64,41.52,54.21,99,1,0,95557,17766,0,normal
2026-07-15T14:06:49.848169,22.68,55.67,48.02,87,1,0,154975,108415,0,normal
2026-07-15T14:06:54.848169,18.64,53.59,56.43,82,1,0,74605,196937,0,normal
2026-07-15T14:06:59.848169,11.47,45.36,45.2,100,0,0,112137,93015,0,normal
2026-07-15T14:07:04.848169,17.21,41.83,67.72,94,1,0,80717,36799,0,normal
2026-07-15T14:07:09.848169,12.65,43.75,47.95,97,1,0,37077,16884,0,normal
2026-07-15T14:07:14.848169,11.79,51.08,53.88,90,1,0,13235,86506,0,normal
2026-07-15T14:07:19.848169,18.28,55.58,58.99,97,0,0,159935,146604,0,normal
2026-07-15T14:07:24.848169,13.39,47.61,35.55,89,1,0,139269,48255,0,normal
2026-07-15T14:07:29.848169,11.27,48.69,46.84,95,0,0,104666,75981,0,normal
2026-07-15T14:07:34.848169,28.88,54.42,49.83,99,0,0,130025,38042,0,normal
2026-07-15T14:07:39.848169,12.71,40.14,45.83,99,1,0,96387,125401,0,normal
2026-07-15T14:07:44.848169,16.69,56.31,64.38,99,0,0,88757,94060,0,normal
2026-07-15T14:07:49.848169,22.06,53.91,49.16,85,1,0,93660,86401,0,normal
2026-07-15T14:07:54.848169,24.7,52.66,68.71,87,1,0,108580,83479,0,normal
2026-07-15T14:07:59.848169,26.33,47.86,34.56,98,0,0,165248,153033,0,normal
2026-07-15T14:08:04.848169,14.36,46.04,50.83,99,1,1,163219,36820,0,attack
2026-07-15T14:08:04.848169,13.6,55.35,31.08,94,0,0,124938,86370,0,normal
2026-07-15T14:08:09.848169,26.63,41.38,63.91,93,1,0,46484,176025,0,normal
2026-07-15T14:08:14.848169,16.06,45.05,36.17,93,1,0,29389,127720,0,normal
2026-07-15T14:08:19.848169,29.81,49.58,46.03,96,1,0,152513,19637,0,normal
2026-07-15T14:08:24.848169,25.81,47.19,65.82,97,0,0,38670,75072,0,normal
2026-07-15T14:08:29.848169,23.15,47.1,55.88,81,1,0,96926,122841,0,normal
2026-07-15T14:08:34.848169,12.12,41.97,38.88,96,0,0,126858,108073,0,normal
2026-07-15T14:08:39.848169,17.82,55.45,53.54,96,0,0,100431,16438,0,normal
2026-07-15T14:08:44.848169,19.66,45.91,66.82,82,0,0,47139,101312,0,normal
2026-07-15T14:08:49.848169,16.24,49.11,38.27,95,1,0,134823,35591,0,normal
2026-07-15T14:08:54.848169,18.76,53.94,42.76,89,0,0,196326,40168,0,normal
2026-07-15T14:08:59.848169,10.45,46.86,34.37,85,0,0,145264,55731,0,normal
2026-07-15T14:09:04.848169,21.04,46.62,47.05,94,0,0,116180,175087,0,normal
2026-07-15T14:09:09.848169,13.69,52.81,47.29,80,0,0,127853,165242,0,normal
2026-07-15T14:09:14.848169,18.59,40.09,38.59,88,0,0,161348,36673,0,normal
2026-07-15T14:09:19.848169,25.99,50.74,44.63,86,1,0,39872,78774,0,normal
2026-07-15T14:09:24.848169,23.41,49.79,68.64,90,1,0,170250,112903,0,normal
2026-07-15T14:09:29.848169,21.74,46.96,63.82,99,0,0,186577,195070,0,normal
2026-07-15T14:09:34.848169,26.01,58.37,53.61,84,1,0,40896,72540,0,normal
2026-07-15T14:09:39.848169,16.11,43.66,57.74,96,1,0,119638,166349,0,normal
2026-07-15T14:09:44.848169,12.76,47.67,37.43,100,0,0,155467,53742,0,normal
2026-07-15T14:09:49.848169,19.79,42.81,42.58,94,0,0,104119,12512,0,normal
2026-07-15T14:09:54.848169,19.69,43.9,45.36,97,1,0,117252,189489,0,normal
2026-07-15T14:09:59.848169,19.83,54.2,47.75,85,0,0,158215,18089,0,normal
2026-07-15T14:10:04.848169,25.92,44.41,31.31,87,1,0,54094,129884,0,normal
2026-07-15T14:10:09.848169,21.31,55.45,49.81,96,0,0,160133,39938,0,normal
2026-07-15T14:10:14.848169,15.36,50.86,69.64,97,0,0,198476,125701,0,normal
2026-07-15T14:10:19.848169,20.93,59.8,34.1,100,0,0,88042,18449,0,normal
2026-07-15T14:10:24.848169,18.99,46.97,62.67,94,0,0,72113,65018,0,normal
2026-07-15T14:10:29.848169,26.21,51.76,44.03,99,1,0,53511,171520,0,normal
2026-07-15T14:10:34.848169,12.78,44.13,38.28,81,1,0,149534,83684,0,normal
2026-07-15T14:10:39.848169,21.94,43.37,69.16,89,1,0,160139,80082,0,normal
2026-07-15T14:10:44.848169,29.05,50.29,66.01,83,0,0,117897,25541,0,normal
2026-07-15T14:10:49.848169,29.85,57.34,35.08,84,0,0,48336,196487,0,normal
2026-07-15T14:10:54.848169,16.44,44.95,63.74,92,1,0,47269,161368,0,normal
2026-07-15T14:10:59.848169,22.65,52.56,45.01,82,0,0,115604,145164,0,normal
2026-07-15T14:11:04.848169,25.0,53.89,65.09,94,1,0,95796,162556,0,normal
2026-07-15T14:11:09.848169,10.05,55.48,59.31,94,1,0,26601,150096,0,normal
2026-07-15T14:11:14.848169,17.95,59.36,62.99,95,1,0,94637,84342,0,normal
2026-07-15T14:11:19.848169,16.76,51.56,52.65,95,1,0,188926,22690,0,normal
2026-07-15T14:11:19.848169,12.71,57.03,65.17,80,19,0,60531,62619,0,attack
2026-07-15T14:11:24.848169,10.92,52.52,63.47,80,0,0,51414,125680,0,normal
2026-07-15T14:11:29.848169,19.13,59.84,47.11,84,1,0,51674,81832,0,normal
2026-07-15T14:11:34.848169,11.87,47.21,33.3,100,0,0,23575,113898,0,normal
2026-07-15T14:11:39.848169,22.51,54.52,60.21,93,0,0,194470,34951,0,normal
2026-07-15T14:11:44.848169,10.02,49.54,35.31,87,1,0,12434,12113,0,normal
2026-07-15T14:11:49.848169,23.91,56.34,69.53,93,0,0,135226,28567,0,normal
2026-07-15T14:11:54.848169,14.58,41.79,62.24,83,1,0,106354,88447,0,normal
2026-07-15T14:11:59.848169,12.74,55.47,60.13,84,0,0,27933,149069,0,normal
2026-07-15T14:12:02.848169,27.99,93.4,62.09,99,1,0,183154,93777,0,attack
2026-07-15T14:12:04.848169,21.27,52.21,36.56,91,0,0,174647,49681,0,normal
2026-07-15T14:12:09.848169,28.4,52.32,47.7,86,0,0,36336,46703,0,normal
2026-07-15T14:12:14.848169,25.05,51.79,45.36,93,1,0,46655,74955,0,normal
2026-07-15T14:12:15.848169,22.46,54.01,46.75,83,0,1,84109,39887,0,attack
2026-07-15T14:12:15.848169,20.48,48.67,57.47,84,1,0,17584851,8161264,0,attack
2026-07-15T14:12:19.848169,15.54,41.68,52.14,99,1,0,191004,17031,0,normal
2026-07-15T14:12:24.848169,26.96,53.17,42.07,96,0,0,112695,87474,0,normal
2026-07-15T14:12:29.848169,22.92,55.68,61.75,87,1,0,111157,39555,0,normal
2026-07-15T14:12:34.848169,14.82,52.76,32.84,80,1,0,92961,44598,0,normal
2026-07-15T14:12:39.848169,17.74,56.78,46.83,97,0,0,133473,29134,0,normal
2026-07-15T14:12:44.848169,10.33,41.35,40.49,81,0,0,114326,142804,0,normal
2026-07-15T14:12:49.848169,15.73,54.25,60.68,93,1,0,31607,177913,0,normal
2026-07-15T14:12:54.848169,20.73,52.32,41.1,89,0,0,144035,63267,0,normal
2026-07-15T14:12:59.848169,29.49,43.11,43.07,98,0,0,91309,193153,0,normal
2026-07-15T14:13:04.848169,18.75,59.07,39.55,87,0,0,123897,40405,0,normal
2026-07-15T14:13:09.848169,19.07,52.18,42.37,85,0,0,13320,195571,0,normal
2026-07-15T14:13:14.848169,12.74,40.23,49.86,91,1,0,53768,107483,0,normal
2026-07-15T14:13:19.848169,12.54,55.62,40.75,83,0,0,97821,122544,0,normal
2026-07-15T14:13:24.848169,15.44,41.28,58.49,98,0,0,140062,129327,0,normal
2026-07-15T14:13:29.848169,20.22,41.11,64.37,85,1,0,51237,76877,0,normal
2026-07-15T14:13:34.848169,25.47,57.89,56.96,83,0,0,143385,10673,0,normal
2026-07-15T14:13:39.848169,10.88,57.26,39.78,95,1,0,110395,49343,0,normal
2026-07-15T14:13:44.848169,13.58,59.21,31.41,100,1,0,68855,94358,0,normal
2026-07-15T14:13:49.848169,14.97,58.32,42.8,82,1,0,41300,141607,0,normal
2026-07-15T14:13:54.848169,23.47,41.05,38.93,96,0,0,115100,28068,0,normal
2026-07-15T14:13:59.848169,27.54,57.32,60.94,89,1,0,32645,154989,0,normal
2026-07-15T14:14:04.848169,19.13,47.38,41.66,89,0,0,131615,106540,0,normal
2026-07-15T14:14:09.848169,21.83,49.87,60.9,86,0,0,49470,11671,0,normal
2026-07-15T14:14:14.848169,28.65,40.48,51.66,100,0,0,97822,10383,0,normal
2026-07-15T14:14:19.848169,25.18,47.53,59.52,89,0,0,63790,148887,0,normal
2026-07-15T14:14:24.848169,29.66,48.4,68.45,84,1,0,34386,21508,0,normal
2026-07-15T14:14:29.848169,28.43,57.95,50.79,91,1,0,32256,162245,0,normal
2026-07-15T14:14:34.848169,11.91,42.67,62.8,82,0,0,124028,183655,0,normal
2026-07-15T14:14:39.848169,29.28,44.74,40.44,90,1,0,193691,95524,0,normal
2026-07-15T14:14:44.848169,16.36,45.44,32.99,86,0,0,163277,38566,0,normal
2026-07-15T14:14:49.848169,13.11,43.29,48.64,93,0,0,150489,103922,0,normal
2026-07-15T14:14:54.848169,29.29,44.15,42.33,88,0,0,33703,51317,0,normal
2026-07-15T14:14:59.848169,26.15,46.08,58.19,99,0,0,66366,95929,0,normal
2026-07-15T14:15:04.848169,12.97,54.22,68.74,92,0,0,187519,88339,0,normal
2026-07-15T14:15:09.848169,15.2,59.81,31.24,92,1,0,155739,154210,0,normal
2026-07-15T14:15:14.848169,15.0,49.24,62.16,84,0,0,13134,26166,0,normal
2026-07-15T14:15:19.848169,26.61,59.65,35.23,92,1,0,189905,175228,0,normal
2026-07-15T14:15:24.848169,28.75,41.68,53.44,82,0,0,26900,61839,0,normal
2026-07-15T14:15:24.848169,21.65,59.3,34.01,83,0,0,19766228,10769167,0,attack
2026-07-15T14:15:29.848169,28.05,48.87,35.15,90,0,0,21192,130847,0,normal
2026-07-15T14:15:34.848169,11.01,58.48,47.33,92,1,0,17728,110330,0,normal
2026-07-15T14:15:36.848169,12.86,57.25,37.21,82,8,0,97196,175421,0,attack
2026-07-15T14:15:39.848169,23.66,43.46,38.59,85,1,0,83362,126919,0,normal
2026-07-15T14:15:44.848169,27.67,40.69,54.77,87,1,0,140781,118001,0,normal
2026-07-15T14:15:49.848169,27.66,49.58,33.51,92,0,0,119899,62286,0,normal
2026-07-15T14:15:54.848169,22.85,55.94,39.97,97,0,0,110269,197005,0,normal
2026-07-15T14:15:59.848169,17.18,50.89,49.39,98,1,0,111811,80893,0,normal
2026-07-15T14:16:04.848169,13.6,46.38,38.76,88,0,0,133649,148787,0,normal
2026-07-15T14:16:09.848169,17.15,51.68,39.31,85,0,0,74974,182193,0,normal
2026-07-15T14:16:14.848169,14.82,50.67,61.65,81,0,0,160914,111822,0,normal
2026-07-15T14:16:19.848169,17.1,56.78,63.81,85,0,0,165325,93362,0,normal
2026-07-15T14:16:24.848169,26.12,53.95,66.56,80,1,0,158806,157746,0,normal
2026-07-15T14:16:29.848169,12.84,58.97,63.47,95,1,0,56021,138564,0,normal
2026-07-15T14:16:34.848169,10.76,41.12,54.07,80,1,0,10179,96962,0,normal
2026-07-15T14:16:39.848169,28.36,44.03,35.22,85,1,0,25612,15744,0,normal
2026-07-15T14:16:44.848169,12.95,54.09,35.67,83,1,0,29013,107934,0,normal
2026-07-15T14:16:49.848169,24.09,53.24,53.44,90,1,0,94568,45769,0,normal
2026-07-15T14:16:54.848169,29.52,54.65,47.47,100,1,0,180178,93173,0,normal
2026-07-15T14:16:59.848169,13.48,59.37,57.74,99,1,0,68520,184465,0,normal
2026-07-15T14:17:04.848169,21.78,43.51,42.27,89,0,0,56585,10471,0,normal
2026-07-15T14:17:09.848169,28.98,58.97,45.66,98,0,0,57731,167912,0,normal
2026-07-15T14:17:14.848169,16.36,56.18,54.46,100,0,0,140071,46868,0,normal
2026-07-15T14:17:19.848169,16.62,41.56,43.87,90,0,0,176772,33258,0,normal
2026-07-15T14:17:24.848169,26.43,53.4,59.17,90,1,0,12987,79523,0,normal
2026-07-15T14:17:29.848169,14.19,53.86,44.02,83,0,0,22621,111171,0,normal
2026-07-15T14:17:34.848169,18.76,48.39,36.65,93,1,0,109277,102073,0,normal
2026-07-15T14:17:39.848169,20.92,42.03,49.18,98,0,0,52639,128302,0,normal
2026-07-15T14:17:44.848169,11.47,56.92,41.8,90,1,0,37453,29451,0,normal
2026-07-15T14:17:49.848169,16.84,57.76,36.44,82,0,0,98591,165721,0,normal
2026-07-15T14:17:54.848169,29.71,57.86,58.18,93,0,0,169204,123823,0,normal
2026-07-15T14:17:59.848169,13.14,42.03,38.22,86,1,0,192765,155257,0,normal
2026-07-15T14:18:04.848169,24.44,54.6,40.61,89,1,0,72271,35143,0,normal
2026-07-15T14:18:09.848169,10.99,51.44,63.59,84,0,0,104589,11000,0,normal
2026-07-15T14:18:14.848169,18.55,45.89,56.48,99,1,0,62343,35424,0,normal
2026-07-15T14:18:19.848169,10.51,43.42,41.67,82,1,0,40279,90832,0,normal
